{"TFUELUSDT": 213.81227282446014, "XMRUSDT": 0.06253908692933083, "ARDRUSDT": 104.93179433368311, "MKRUSDT": 0.00585480093676815, "BNTUSDT": 13.75515818431912, "FETUSDT": 14.84560570071259, "USDCUSDT": 10.006003602161297, "DATAUSDT": 236.91068467187873, "WAVESUSDT": 4.091653027823241, "MATICUSDT": 12.12709192335678, "SANDUSDT": 20.132876988121602, "QTUMUSDT": 3.281916639317361, "XLMUSDT": 86.95652173913044, "BATUSDT": 43.802014892685065, "IOSTUSDT": 1156.0693641618498, "CELRUSDT": 506.5856129685917, "OMGUSDT": 13.94700139470014, "FTMUSDT": 24.473813020068526, "DENTUSDT": 8928.57142857143, "DOGEUSDT": 123.54830738818879, "LSKUSDT": 8.00640512409928}